{"cameraMode":{"drawMode":0,"name":"Shaded","section":"Shading Mode"},"sceneLighting":true,"audioPlay":false,"sceneViewState":{"showFog":true,"showMaterialUpdate":false,"showSkybox":true,"showFlares":true,"showImageEffects":true,"showParticleSystems":true},"in2DMode":false,"pivot":{"x":0.6862908005714417,"y":-4.242952346801758,"z":0.4513688087463379},"rotation":{"x":0.2455855906009674,"y":0.6596346497535706,"z":-0.242655947804451,"w":0.6675987243652344},"size":28.790096282958986,"orthographic":false}